Unnamed: 0,Date,Adjustment,Afternoon with the baker,Alfajores,Argentina Night,Art Tray,Bacon,Baguette,Bakewell,Bare Popcorn,Basket,Bowl Nic Pitt,Bread,Bread Pudding,Brioche and salami,Brownie,Cake,Caramel bites,Cherry me Dried fruit,Chicken sand,Chicken Stew,Chimichurri Oil,Chocolates,Christmas common,Coffee,Coffee granules ,Coke,Cookies,Crepes,Crisps,Drinking chocolate spoons ,Duck egg,Dulce de Leche,Eggs,Ella's Kitchen Pouches,Empanadas,Extra Salami or Feta,Fairy Doors,Farm House,Focaccia,Frittata,Fudge,Gift voucher,Gingerbread syrup,Granola,Hack the stack,Half slice Monster ,Hearty & Seasonal,Honey,Hot chocolate,Jam,Jammie Dodgers,Juice,Keeping It Local,Kids biscuit,Lemon and coconut,Medialuna,Mighty Protein,Mineral water,Mortimer,Muesli,Muffin,My-5 Fruit Shoot,Nomad bag,Olum & polenta,Panatone,Pastry,Pick and Mix Bowls,Pintxos,Polenta,Postcard,Raspberry shortbread sandwich,Raw bars,Salad,Sandwich,Scandinavian,Scone,Siblings,Smoothies,Soup,Spanish Brunch,Spread,Tacos/Fajita,Tartine,Tea,The BART,The Nomad,Tiffin,Toast,Truffles,Tshirt,Valentine's card,Vegan Feast,Vegan mincepie,Victorian Sponge
1,2016-10-30,0,0,0,0,0,0,0,0,0,2,0,29,0,0,0,1,0,0,1,0,0,0,0,33,0,0,2,0,0,0,0,0,0,1,0,0,0,2,0,6,5,0,0,0,0,0,5,0,4,6,0,3,0,0,0,11,1,3,0,0,12,0,0,0,0,6,1,0,0,0,0,0,0,0,16,0,0,1,1,0,0,0,3,12,0,0,0,0,0,0,0,0,0,3
2,2016-10-31,0,0,0,0,0,0,0,0,0,0,0,24,0,0,0,5,0,0,0,0,0,0,0,60,0,3,9,0,0,0,0,0,0,0,0,0,0,9,1,0,1,0,0,0,0,0,7,0,1,3,0,6,0,0,0,2,1,3,0,0,17,1,0,0,0,13,1,0,0,0,0,0,0,3,0,0,0,0,7,0,0,0,3,19,0,0,0,0,0,0,0,0,0,0
3,2016-11-01,0,0,4,0,0,0,0,0,0,0,0,21,0,0,0,6,0,0,0,0,0,0,0,38,0,1,7,0,0,0,0,0,1,1,0,0,0,1,0,0,1,0,0,0,0,0,2,0,2,2,0,2,0,0,0,2,0,0,0,0,3,0,0,0,0,14,0,0,0,0,0,0,0,3,9,0,0,0,7,0,0,0,3,19,0,0,0,0,0,0,0,0,0,1
4,2016-11-02,0,0,10,0,0,0,0,0,0,0,0,17,0,0,0,0,0,0,0,0,0,0,0,42,0,2,6,0,0,0,0,0,0,0,0,0,0,10,0,0,3,0,0,0,0,0,7,0,1,3,0,8,0,0,0,0,2,4,0,0,1,0,0,0,0,16,2,0,0,0,0,0,0,2,3,0,0,1,8,0,0,0,2,14,0,0,0,0,0,0,0,0,0,0
5,2016-11-03,0,0,9,0,0,0,0,0,0,0,0,26,0,0,8,6,0,0,0,0,0,0,0,40,0,0,6,0,0,0,0,4,0,2,0,0,0,10,6,0,4,0,0,0,0,0,5,0,3,4,0,3,0,0,0,9,0,1,0,0,0,2,0,0,0,18,2,0,0,0,0,0,0,6,0,0,0,1,4,0,0,0,1,9,0,0,0,0,0,0,0,0,0,0
6,2016-11-04,0,0,6,0,0,0,0,0,0,0,0,30,0,0,17,1,0,0,0,0,0,0,0,51,0,0,4,0,0,0,0,1,0,0,0,0,0,3,0,0,4,0,0,0,0,0,4,1,4,7,0,3,0,0,0,8,1,5,0,0,0,0,0,0,0,6,2,0,0,0,0,0,0,3,4,0,0,0,4,0,0,0,3,14,1,0,0,0,0,0,0,0,0,0
7,2016-11-05,0,0,0,0,0,0,0,0,0,3,0,36,0,0,31,11,0,0,0,0,0,0,0,71,0,2,3,0,0,0,0,0,0,0,0,0,1,5,2,7,9,0,0,2,0,0,6,0,12,7,0,0,0,0,0,16,3,2,0,0,0,3,0,0,0,4,2,0,0,0,0,0,0,2,14,0,0,1,5,0,0,0,2,12,0,0,0,0,0,0,0,0,0,1
8,2016-11-06,0,0,14,0,0,0,0,0,0,1,0,23,0,0,2,6,0,0,0,0,0,0,0,48,0,0,0,0,0,0,0,1,0,0,1,0,0,8,5,0,2,0,0,0,0,0,3,0,10,7,0,2,0,0,0,5,3,3,0,0,9,1,0,0,0,15,2,0,0,0,0,0,0,1,0,0,0,0,1,0,0,0,6,17,0,0,0,0,0,0,0,0,0,1
9,2016-11-07,0,0,4,0,0,0,0,0,0,0,0,27,0,0,0,0,0,0,0,0,0,0,0,41,0,3,3,0,0,0,0,0,0,0,3,0,0,3,0,0,2,0,0,0,0,0,1,0,1,0,0,0,1,0,0,10,0,0,0,0,13,0,0,0,0,8,0,0,0,0,0,0,0,2,10,0,0,0,2,0,0,0,2,12,0,0,0,0,0,0,0,0,0,0
10,2016-11-08,0,0,8,0,2,0,0,0,0,0,1,5,1,0,8,0,0,0,0,0,0,0,0,44,0,1,2,0,0,0,0,0,0,0,0,0,0,10,1,1,2,0,0,0,0,0,4,0,5,0,0,1,1,0,0,7,0,0,0,0,5,0,0,0,0,9,0,0,0,0,0,0,0,5,4,0,0,0,6,0,0,0,2,11,0,0,0,0,0,0,0,0,0,0
11,2016-11-09,1,0,0,0,0,0,0,0,0,0,0,21,3,0,3,0,0,0,0,0,0,0,0,32,0,1,4,0,0,0,0,0,1,0,0,0,0,1,2,0,2,0,0,0,0,0,2,0,1,1,0,1,2,0,0,5,0,0,0,0,1,1,0,0,0,4,0,0,0,0,0,0,0,2,1,0,0,0,5,0,0,0,2,4,0,0,0,0,0,0,0,0,0,0
12,2016-11-10,0,0,7,0,2,0,0,0,0,0,0,31,0,0,9,0,0,0,0,0,1,0,0,37,0,1,12,0,0,0,0,0,0,0,3,0,0,1,2,0,1,0,0,0,0,0,1,0,4,1,0,3,2,0,0,6,0,0,0,0,0,0,0,0,0,7,0,0,0,0,0,0,0,3,2,0,0,1,4,0,0,0,2,9,0,0,0,0,3,0,0,0,0,0
13,2016-11-11,0,0,7,0,1,0,0,0,0,0,0,30,0,0,10,2,0,0,0,0,1,0,0,40,0,1,1,0,0,0,0,0,0,2,0,0,1,5,1,1,4,0,0,0,0,0,2,0,5,1,0,2,3,0,0,8,0,2,0,0,6,1,0,0,0,6,0,0,0,0,0,0,0,5,9,0,0,0,5,0,0,0,0,9,0,0,0,0,2,0,0,0,0,0
14,2016-11-12,0,0,13,0,0,0,0,0,0,0,1,38,0,0,11,0,0,0,0,0,0,0,0,55,0,1,2,0,0,0,0,0,1,0,0,0,0,8,0,5,1,0,0,0,0,0,4,0,6,2,0,2,2,0,0,13,0,0,0,0,21,0,0,0,0,4,0,0,0,0,0,0,0,2,8,0,0,0,4,0,0,0,1,9,0,0,0,0,7,0,0,0,0,0
15,2016-11-13,0,0,2,0,2,1,0,0,0,0,0,39,0,0,11,1,0,0,0,0,0,0,0,41,0,1,1,0,0,0,0,0,0,0,0,0,0,2,0,1,2,0,0,0,0,0,5,0,3,2,0,2,5,4,0,9,0,2,0,0,8,2,0,0,0,8,0,0,0,0,0,0,0,2,1,0,0,0,0,0,1,0,2,7,0,0,0,0,0,0,0,0,0,0
16,2016-11-14,0,0,1,0,2,0,0,0,0,0,0,21,0,0,0,0,0,0,0,0,0,0,0,38,0,0,2,0,0,0,0,0,0,1,0,0,0,7,1,2,2,0,0,0,0,0,3,0,4,1,0,1,4,3,0,6,0,1,0,0,10,0,0,0,0,4,0,0,0,0,0,0,0,9,1,0,0,0,4,0,0,0,0,13,0,0,0,0,7,0,0,0,0,0
17,2016-11-15,0,0,0,0,0,0,0,0,0,0,0,22,0,0,2,0,0,0,0,0,0,0,0,39,0,3,0,0,0,0,0,0,0,0,0,0,0,2,0,0,1,0,0,0,0,0,4,0,1,0,0,0,4,1,0,8,0,0,0,0,3,0,0,0,0,6,0,0,0,0,0,0,0,3,5,0,0,0,10,0,0,0,0,7,0,0,0,0,4,0,0,0,0,0
18,2016-11-16,0,0,0,0,0,0,0,0,0,0,0,26,0,0,3,9,0,0,0,0,0,0,0,30,0,1,0,0,0,0,0,0,0,0,0,0,0,0,0,0,1,0,0,1,0,0,2,0,2,2,0,1,0,0,0,4,0,2,0,0,3,0,0,0,0,6,0,0,0,0,0,0,0,4,5,0,0,0,11,0,0,0,2,12,0,0,0,0,0,0,0,0,0,1
19,2016-11-17,0,0,9,0,1,0,0,0,0,0,0,23,0,0,3,5,0,0,0,0,0,0,0,38,0,0,1,0,0,0,0,0,0,0,0,0,0,3,0,0,1,0,0,0,0,0,5,0,4,1,0,0,4,0,0,4,0,1,0,0,4,0,0,0,0,5,0,0,0,0,0,0,0,2,5,0,2,0,5,0,0,0,0,9,0,0,0,0,0,0,0,0,0,0
20,2016-11-18,0,0,6,0,2,0,0,0,0,0,0,27,0,0,4,1,0,0,0,0,0,0,0,43,0,3,3,0,0,0,0,0,0,0,0,0,0,9,0,0,2,0,0,0,0,0,2,0,2,0,0,0,2,0,0,8,0,2,0,0,3,1,0,0,0,10,0,0,0,0,0,0,0,4,2,0,0,0,10,0,0,0,0,12,0,0,0,0,0,0,0,0,0,0
21,2016-11-19,0,0,3,0,0,0,0,0,0,0,0,41,0,0,0,2,3,0,0,0,0,0,0,64,0,0,1,0,0,0,0,0,0,1,0,0,0,3,5,0,1,0,0,0,0,0,1,0,5,1,4,0,5,4,0,14,0,2,0,0,8,1,0,0,0,10,0,0,0,0,0,0,0,3,4,0,0,0,3,0,0,0,3,17,0,0,0,0,0,0,0,0,0,0
22,2016-11-20,0,0,8,0,0,0,0,0,0,0,0,28,0,0,7,15,0,0,0,0,0,0,0,37,0,0,3,0,0,0,0,1,0,0,0,0,0,8,1,0,1,0,0,0,0,0,0,0,7,2,0,3,3,0,0,11,0,5,0,0,0,2,0,0,0,6,0,0,0,0,0,0,0,5,3,0,0,1,0,0,0,0,1,6,0,0,0,0,5,0,0,0,0,0
23,2016-11-21,0,0,2,0,0,0,0,0,0,0,0,10,0,0,3,3,0,0,0,0,0,0,0,30,0,0,2,0,0,0,0,0,0,0,0,0,0,5,0,0,1,0,0,0,0,0,0,0,2,0,0,2,4,0,0,5,0,0,0,0,1,1,0,0,0,5,0,0,0,0,0,0,0,2,1,0,0,1,0,0,0,0,0,7,0,0,0,0,1,0,0,0,0,0
24,2016-11-22,0,0,1,0,0,0,0,0,0,0,0,12,0,0,5,8,0,0,0,0,0,0,0,25,0,1,2,0,0,0,0,0,0,0,0,0,0,0,0,0,1,0,0,0,0,0,0,0,4,0,0,0,2,0,0,7,0,1,0,0,0,0,0,0,0,3,0,0,0,0,0,0,0,2,3,0,0,0,0,0,0,0,0,8,0,0,0,0,0,0,0,0,0,0
25,2016-11-23,0,0,1,0,0,0,0,0,0,0,0,11,0,0,2,4,0,0,0,0,0,0,0,26,0,1,6,0,0,0,0,0,0,0,0,0,0,0,0,0,0,0,0,0,0,0,0,0,3,1,0,1,2,0,0,5,0,1,0,0,0,0,0,1,0,1,0,0,1,0,0,0,0,4,0,0,0,0,0,0,0,0,0,7,0,0,1,0,0,0,0,0,0,0
26,2016-11-24,0,0,4,0,2,0,0,0,0,0,0,21,0,0,4,10,0,0,0,0,0,0,0,30,0,1,1,0,0,0,0,0,0,1,0,0,0,0,0,0,1,0,0,0,2,0,1,0,3,0,0,0,2,0,0,3,0,0,0,0,0,1,0,0,0,5,0,0,0,0,0,0,0,6,0,0,0,1,0,0,0,0,0,12,0,1,0,0,0,0,0,0,0,0
27,2016-11-25,0,0,6,0,1,0,0,0,0,0,0,26,0,0,4,3,0,0,0,0,0,0,0,38,0,0,1,0,0,0,0,0,0,0,0,0,0,1,1,0,0,0,0,0,0,0,0,0,1,1,0,2,3,0,0,8,0,3,0,0,0,0,0,0,0,7,0,0,0,0,0,0,0,5,0,0,0,0,0,0,0,0,1,9,0,0,0,0,0,0,0,0,0,0
28,2016-11-26,0,0,8,0,0,0,0,3,0,0,0,32,0,0,0,8,0,0,0,0,0,0,0,46,0,1,1,0,0,0,0,0,0,0,0,0,0,1,1,0,1,0,0,0,0,0,0,0,4,1,0,2,0,0,0,10,0,1,0,0,12,0,0,0,0,9,0,0,0,0,0,0,0,7,9,0,0,0,0,0,0,0,2,14,0,1,0,0,0,0,0,0,0,0
29,2016-11-27,0,0,4,0,2,0,0,6,0,0,0,14,0,0,7,5,0,0,0,0,0,0,0,47,0,0,2,0,0,0,0,0,0,0,0,0,0,2,0,0,2,0,0,0,0,0,7,0,8,0,5,4,2,0,0,7,0,1,0,0,6,0,0,0,0,6,0,0,0,0,0,0,0,1,0,0,0,2,0,0,0,0,1,8,0,1,0,0,0,0,0,0,0,0
30,2016-11-28,0,0,0,0,0,0,0,1,0,0,0,17,0,0,0,2,0,0,0,0,0,0,0,29,0,0,4,0,0,0,0,0,0,2,0,0,0,0,0,0,0,0,0,0,0,0,0,0,2,1,0,0,1,0,3,4,0,0,0,0,0,0,0,0,0,7,0,0,0,0,0,0,0,3,0,0,0,1,0,0,0,0,1,6,0,0,1,0,0,0,0,0,0,0
31,2016-11-29,0,0,1,0,0,0,0,0,0,0,0,16,0,0,0,5,0,0,0,0,0,0,0,24,0,2,2,0,0,0,0,0,0,0,0,0,0,3,0,0,1,0,0,0,0,0,0,0,2,1,0,1,2,0,0,3,0,0,0,0,6,0,0,0,0,6,0,0,0,0,0,0,0,3,2,0,0,0,0,0,0,0,0,11,0,0,2,0,0,0,0,0,0,0
32,2016-11-30,0,0,3,0,1,0,0,0,0,0,0,21,0,0,0,3,0,0,0,0,0,0,0,25,0,0,5,0,0,0,0,0,0,0,0,0,0,2,0,0,2,0,0,0,0,0,0,0,7,1,2,0,5,0,0,3,0,1,0,0,4,0,0,0,0,3,0,0,0,0,0,0,0,2,0,0,0,2,0,0,0,0,0,7,0,0,3,0,0,0,0,0,0,0
33,2016-12-01,0,0,1,0,0,0,0,0,0,0,0,19,0,0,0,3,0,0,0,0,0,0,0,22,0,1,0,0,0,0,0,0,0,0,0,0,0,3,0,0,2,0,0,0,0,0,1,0,3,1,0,1,1,0,0,3,0,0,0,0,3,0,0,0,0,8,0,0,0,0,0,0,0,2,1,0,0,0,0,0,1,0,0,6,0,1,0,0,0,0,0,0,0,0
34,2016-12-02,0,0,1,0,0,0,0,0,0,0,0,18,0,0,0,5,0,0,0,0,0,0,0,30,0,2,2,0,0,0,0,0,0,0,0,0,0,1,0,0,2,0,0,0,0,0,0,0,4,0,0,0,1,0,0,5,0,1,0,0,1,0,0,0,0,5,0,0,0,0,0,0,0,12,1,6,0,0,0,0,0,0,0,5,0,0,0,1,1,0,0,0,0,0
35,2016-12-03,0,0,3,0,0,0,0,0,0,0,0,36,0,0,0,12,0,0,0,0,0,0,0,45,0,1,1,0,0,0,0,0,0,0,0,0,0,3,0,0,4,0,0,0,0,0,0,0,8,4,0,4,0,0,0,10,0,1,0,0,7,0,0,0,0,9,0,0,0,0,0,0,0,8,4,16,0,1,0,0,0,0,1,11,0,0,0,1,1,0,0,0,0,0
36,2016-12-04,0,0,3,0,0,0,0,0,0,0,0,22,0,0,0,4,0,0,0,0,0,0,0,35,0,0,5,4,0,0,0,0,0,1,0,0,0,2,0,0,2,0,0,0,0,0,0,0,6,0,0,0,0,0,0,10,0,0,0,0,5,0,0,0,0,5,0,0,0,0,0,0,0,1,0,2,0,0,0,0,0,0,0,7,0,0,0,4,3,0,0,0,0,0
37,2016-12-05,0,0,6,0,0,0,0,0,0,0,0,17,0,0,0,1,0,0,0,0,0,0,0,41,0,1,4,0,0,0,0,1,0,0,0,0,0,3,0,0,0,0,0,0,0,0,1,0,1,1,0,2,0,0,0,7,0,0,0,0,7,0,0,0,0,6,0,0,0,0,0,0,0,8,0,0,0,0,0,0,0,0,0,7,0,0,0,3,0,0,0,0,0,0
38,2016-12-06,0,0,4,0,0,0,0,0,0,0,0,24,0,0,0,5,0,0,0,0,0,0,0,33,0,1,5,0,0,0,0,0,0,0,0,0,0,3,0,0,0,0,0,0,0,0,0,0,3,0,0,2,0,0,0,4,0,2,0,0,5,0,0,0,0,5,0,0,0,0,0,0,0,3,0,0,0,0,0,0,0,0,0,10,0,0,0,1,0,0,0,0,0,0
39,2016-12-07,0,0,2,0,0,0,0,0,0,0,0,17,0,0,0,4,0,0,0,0,0,0,0,22,0,2,2,1,0,0,0,0,0,0,0,0,0,3,0,0,1,0,0,0,0,0,0,0,4,2,0,2,0,0,0,2,0,1,0,0,0,0,0,0,0,0,0,0,0,0,0,0,0,4,0,0,0,0,0,0,0,0,0,7,0,0,0,4,1,0,0,0,0,0
40,2016-12-08,0,0,1,0,0,0,0,0,0,0,0,10,0,0,1,8,0,0,0,0,0,0,0,21,0,0,1,0,0,0,0,0,0,0,0,0,0,2,0,0,0,0,0,0,0,0,1,0,0,0,0,1,0,0,0,2,0,1,0,0,0,0,0,0,0,6,0,0,0,0,0,0,0,1,0,0,0,0,0,0,0,0,0,5,0,0,0,2,2,0,0,0,1,0
41,2016-12-09,0,0,5,0,0,0,0,0,0,0,0,23,0,0,7,4,0,0,0,0,0,0,0,28,0,1,0,1,0,0,0,0,0,0,0,0,0,2,0,0,4,0,0,0,0,0,2,0,1,2,0,2,0,0,0,5,0,2,0,0,0,0,0,0,0,0,0,0,0,0,0,0,0,5,2,4,0,0,0,0,0,0,0,10,0,2,0,3,0,0,0,0,0,0
42,2016-12-10,0,0,0,0,2,0,0,0,0,0,0,28,0,0,2,6,0,0,0,0,0,0,0,37,0,1,0,0,0,0,0,0,0,0,0,0,0,5,3,6,0,0,0,0,0,0,0,0,4,3,1,5,0,0,0,5,0,3,0,0,0,0,0,0,0,5,0,0,0,0,0,0,0,9,6,9,0,0,0,0,0,0,0,18,0,0,0,2,2,0,0,0,2,0
43,2016-12-11,0,0,3,0,0,0,0,3,0,0,0,16,0,0,0,0,0,0,0,0,0,0,0,29,0,1,1,0,0,0,0,0,0,0,0,0,0,3,0,2,1,0,0,0,0,0,0,0,3,1,0,0,0,0,0,9,0,3,0,0,1,0,0,0,0,1,0,0,0,0,0,0,0,1,3,2,0,1,0,0,0,0,0,3,0,0,0,3,1,0,0,0,1,0
44,2016-12-12,0,0,1,0,0,0,0,2,0,0,0,23,0,0,0,6,0,0,0,0,0,0,0,21,0,0,0,0,0,0,0,0,0,0,0,0,0,0,0,1,1,0,0,0,0,0,0,0,2,4,1,1,0,0,0,2,0,2,0,0,0,0,0,0,0,4,0,0,0,0,0,0,0,4,0,0,0,0,0,0,0,0,0,6,0,0,0,4,1,0,0,0,5,0
45,2016-12-13,0,0,3,0,1,0,0,3,0,0,0,14,0,0,0,1,0,0,0,0,0,0,0,27,0,1,1,0,0,0,0,0,0,0,0,0,0,3,0,1,4,0,0,0,0,0,0,0,1,5,0,0,0,0,0,4,0,0,0,0,1,0,0,0,0,3,0,0,0,0,0,0,0,1,3,0,0,0,0,0,0,0,0,7,0,0,0,2,2,0,0,0,2,0
46,2016-12-14,0,0,4,0,1,0,0,0,0,0,0,18,0,0,0,1,0,0,0,0,0,0,0,31,0,2,0,0,0,0,0,0,0,0,0,0,0,2,0,0,1,0,0,0,0,0,0,0,2,1,3,3,0,0,0,2,0,0,0,0,3,0,0,0,0,3,0,0,0,0,0,0,0,3,0,0,0,0,0,0,0,0,0,11,0,0,0,4,1,0,0,0,2,0
47,2016-12-15,0,0,2,0,0,0,0,0,1,0,0,27,0,0,0,0,0,0,0,0,0,0,0,37,0,1,1,0,0,0,0,1,0,1,0,0,0,3,0,0,3,0,0,0,0,0,0,0,8,0,1,0,0,0,0,3,0,0,0,0,0,0,0,0,0,8,0,0,0,0,0,0,0,4,0,0,0,0,0,0,0,0,0,4,0,0,0,1,0,0,0,0,4,0
48,2016-12-16,0,0,4,0,0,0,0,0,0,0,0,23,0,0,3,2,0,0,0,0,0,0,0,44,0,0,4,0,0,0,0,1,0,2,0,0,0,4,0,0,4,0,0,0,0,0,0,0,0,9,1,3,0,0,0,1,0,0,0,2,0,0,0,0,0,6,0,0,0,0,0,0,0,6,1,4,0,0,0,0,0,0,0,15,0,0,0,6,3,0,0,0,3,0
49,2016-12-17,0,0,2,0,0,0,0,0,0,0,0,27,0,0,0,5,0,0,0,0,0,0,0,28,0,3,4,0,1,0,0,1,0,0,0,0,0,6,2,3,5,0,0,0,0,0,0,0,5,5,0,4,0,0,1,6,0,0,0,0,0,0,0,0,0,6,0,6,0,0,0,0,0,1,2,8,0,0,0,0,0,0,0,8,0,2,0,0,0,0,0,0,6,0
50,2016-12-18,0,0,0,0,0,0,0,0,0,0,0,18,0,0,5,2,0,0,0,0,0,0,0,34,0,1,3,0,1,0,0,2,0,0,0,0,0,1,0,2,3,0,0,0,0,0,0,0,7,0,0,2,0,0,0,6,0,1,0,1,0,0,0,0,0,1,0,0,0,0,0,0,0,0,0,2,0,0,0,0,0,0,1,3,0,1,0,1,0,0,0,0,3,0
51,2016-12-19,0,0,0,0,0,0,0,0,0,0,0,24,0,0,6,5,0,0,0,0,0,0,0,42,0,2,6,0,0,0,0,0,0,0,0,0,0,2,1,0,6,0,0,0,0,0,2,0,5,1,0,3,0,0,0,6,0,1,0,0,0,0,0,0,0,1,0,0,0,0,0,0,0,11,1,1,0,1,0,0,0,0,0,16,0,0,0,2,3,0,0,0,0,0
52,2016-12-20,0,0,0,0,0,0,0,0,0,0,0,14,0,0,1,8,0,0,0,0,0,0,0,32,0,0,4,0,0,0,0,0,0,0,0,0,0,4,0,0,0,0,0,0,0,0,2,0,5,0,0,3,0,0,0,4,0,0,0,0,0,0,0,0,0,5,0,0,0,0,0,0,0,3,1,0,0,0,0,0,0,0,0,5,0,1,0,3,0,0,0,0,0,0
53,2016-12-21,0,0,0,0,0,0,0,0,0,0,0,21,0,0,2,9,0,0,0,0,0,0,0,41,0,3,4,0,0,0,0,0,0,0,0,0,0,0,0,0,3,0,1,0,0,0,0,0,5,1,0,1,0,0,0,4,0,1,0,0,1,0,0,0,0,6,0,0,0,0,0,0,0,5,2,0,0,1,0,0,0,0,0,6,0,0,0,1,1,0,0,0,0,0
54,2016-12-22,0,0,0,0,1,0,0,0,1,0,0,21,0,0,5,10,0,0,0,0,0,0,0,23,0,1,2,0,0,0,0,0,0,0,0,0,0,1,0,0,4,0,0,0,0,0,0,0,5,3,0,3,0,0,0,4,0,1,0,0,4,0,0,0,2,6,0,0,0,0,0,0,0,3,0,0,0,0,0,0,0,0,0,14,0,1,0,1,1,0,0,0,0,0
55,2016-12-23,0,0,0,0,0,0,0,0,0,0,0,26,0,1,5,10,0,0,0,0,0,0,0,33,0,1,3,0,0,0,0,0,0,0,0,0,0,3,0,2,5,0,3,0,0,0,0,0,9,2,0,3,0,0,0,5,0,0,0,0,4,0,0,0,1,5,0,0,0,0,0,0,0,5,1,8,0,1,0,0,0,0,0,9,0,1,0,1,1,0,0,0,0,0
56,2016-12-24,0,0,0,0,1,0,0,0,0,0,0,27,0,0,0,8,0,0,0,0,0,0,0,38,0,4,5,0,1,0,0,0,0,0,0,0,0,5,5,2,3,0,1,0,0,0,0,0,14,3,0,3,0,0,0,9,0,0,0,0,0,0,0,0,2,9,0,0,0,0,0,0,0,7,3,7,0,0,0,0,0,0,0,9,0,0,0,3,0,0,0,0,0,0
56,2016-12-25,0,0,0,0,0,0,0,0,0,0,0,0,0,0,0,0,0,0,0,0,0,0,0,0,0,0,0,0,0,0,0,0,0,0,0,0,0,0,0,0,0,0,0,0,0,0,0,0,0,0,0,0,0,0,0,0,0,0,0,0,0,0,0,0,0,0,0,0,0,0,0,0,0,0,0,0,0,0,0,0,0,0,0,0,0,0,0,0,0,0,0,0,0,0
56,2016-12-26,0,0,0,0,0,0,0,0,0,0,0,0,0,0,0,0,0,0,0,0,0,0,0,0,0,0,0,0,0,0,0,0,0,0,0,0,0,0,0,0,0,0,0,0,0,0,0,0,0,0,0,0,0,0,0,0,0,0,0,0,0,0,0,0,0,0,0,0,0,0,0,0,0,0,0,0,0,0,0,0,0,0,0,0,0,0,0,0,0,0,0,0,0,0
57,2016-12-27,0,0,0,0,0,0,0,0,0,0,0,2,0,0,0,2,0,0,0,0,0,0,0,25,0,0,1,0,0,0,0,0,0,0,0,0,0,1,0,0,0,0,1,0,0,0,0,0,4,0,0,0,0,0,0,3,0,0,0,0,0,0,0,0,0,3,0,0,0,0,0,0,0,2,0,0,0,0,0,0,0,0,0,2,0,0,0,1,0,0,0,0,0,0
58,2016-12-28,0,0,0,0,0,0,0,0,1,0,0,24,0,0,0,5,0,0,0,0,0,0,0,34,0,1,2,0,2,0,0,0,0,0,0,0,0,2,0,0,1,0,0,0,0,0,0,0,7,0,0,2,0,0,0,5,0,0,0,1,0,0,0,0,0,2,0,0,0,0,0,0,0,6,0,0,0,0,0,0,0,0,0,5,0,0,0,2,2,0,0,0,0,0
59,2016-12-29,0,0,0,0,0,0,0,0,0,0,0,38,0,0,0,8,0,0,0,0,0,0,0,43,0,1,4,0,1,0,0,0,0,0,0,0,0,1,0,3,1,0,0,0,0,0,1,0,9,1,3,4,0,0,1,7,0,0,0,0,0,0,0,0,0,5,0,0,0,0,0,0,0,2,1,0,0,3,0,0,0,0,0,5,0,0,0,6,1,0,0,0,0,0
60,2016-12-30,0,0,0,0,0,0,0,0,0,0,0,22,0,0,0,4,0,0,0,0,0,0,0,29,0,1,1,0,0,0,0,0,0,0,0,0,0,2,0,3,0,0,0,0,0,0,0,0,7,0,4,1,0,0,1,5,0,0,0,2,0,0,0,0,0,3,0,0,0,0,0,0,0,6,0,0,0,1,0,0,0,0,0,9,0,1,0,2,0,0,0,0,2,0
61,2016-12-31,0,0,0,0,0,0,0,0,0,0,0,26,0,0,0,3,0,0,0,0,0,0,0,27,0,1,2,0,0,0,0,0,0,0,0,0,0,6,0,1,0,0,0,0,0,0,0,0,6,0,4,0,0,0,0,3,0,0,0,0,0,0,0,0,0,3,0,0,0,0,0,0,0,6,2,0,0,0,0,0,0,0,0,12,0,0,0,1,0,0,0,0,2,0
62,2017-01-01,0,0,0,0,0,0,0,0,0,0,0,1,0,0,0,0,0,0,0,0,0,0,0,0,0,0,0,0,0,0,0,0,0,0,0,0,0,0,0,0,0,0,0,0,0,0,0,0,0,0,0,0,0,0,0,0,0,0,0,0,0,0,0,0,0,0,0,0,0,0,0,0,0,0,0,0,0,0,0,0,0,0,0,0,0,0,0,0,0,0,0,0,0,0
62,2017-01-02,0,0,0,0,0,0,0,0,0,0,0,0,0,0,0,0,0,0,0,0,0,0,0,0,0,0,0,0,0,0,0,0,0,0,0,0,0,0,0,0,0,0,0,0,0,0,0,0,0,0,0,0,0,0,0,0,0,0,0,0,0,0,0,0,0,0,0,0,0,0,0,0,0,0,0,0,0,0,0,0,0,0,0,0,0,0,0,0,0,0,0,0,0,0
63,2017-01-03,0,0,0,0,0,0,0,0,0,0,0,11,0,0,0,9,0,0,0,0,0,0,0,34,0,0,4,0,0,0,0,0,0,0,0,0,0,1,0,2,0,0,0,0,0,0,0,0,4,0,0,1,0,0,0,0,0,1,0,0,3,0,0,0,0,0,0,0,0,0,0,0,0,5,0,0,0,0,0,0,0,0,0,4,0,0,0,4,0,0,0,0,4,0
64,2017-01-04,0,0,0,0,0,0,0,0,0,0,0,12,0,0,5,5,0,0,0,0,0,0,0,26,0,1,3,0,0,0,0,0,0,0,0,0,0,2,0,0,0,0,0,0,0,0,0,0,4,0,0,2,0,0,0,3,0,0,0,1,1,0,0,0,0,3,0,0,0,0,0,0,0,3,0,0,0,0,0,0,0,0,0,4,0,0,0,1,0,0,0,0,0,0
65,2017-01-05,0,0,0,0,0,0,0,0,0,0,0,21,0,0,3,1,0,0,0,0,0,0,0,23,0,0,3,0,0,0,0,0,1,1,0,0,0,2,0,3,1,0,0,0,0,0,0,0,4,0,0,6,0,0,0,3,0,0,0,0,2,0,0,0,0,2,0,0,0,0,0,0,0,7,0,0,0,0,0,0,0,0,0,3,0,0,0,4,4,0,0,0,1,0
66,2017-01-06,0,1,0,0,0,0,0,0,0,0,0,16,0,0,0,2,0,0,0,0,0,0,0,29,0,1,5,0,0,0,0,0,0,0,0,0,0,2,0,2,0,0,0,0,0,0,0,0,0,0,0,1,0,0,0,6,0,0,0,0,2,0,0,0,0,2,0,0,0,0,0,0,0,3,1,1,0,0,0,0,0,0,0,4,0,0,0,6,0,0,0,0,0,0
67,2017-01-07,0,1,0,0,0,0,0,0,0,0,0,36,0,0,0,5,0,0,0,0,0,0,0,55,0,1,0,0,0,0,0,0,0,0,0,0,0,2,2,5,1,0,0,0,0,0,0,0,5,0,4,0,0,0,0,8,0,1,0,0,4,0,0,0,0,6,0,0,0,0,0,0,0,12,7,10,0,1,0,0,0,0,0,14,0,0,1,2,5,0,0,0,0,0
68,2017-01-08,0,1,0,0,0,0,0,0,0,0,0,22,0,0,0,3,0,0,0,0,0,0,0,27,0,0,1,0,0,0,0,0,0,0,0,0,0,1,0,1,0,0,0,0,0,0,1,0,4,0,2,1,0,0,0,5,0,0,0,1,2,0,0,0,0,2,0,0,0,0,0,0,0,7,1,0,0,2,0,0,0,0,0,5,0,4,6,0,2,0,0,0,2,0
69,2017-01-09,0,0,0,0,0,0,0,0,0,0,0,10,0,0,0,3,0,0,0,0,0,0,0,28,0,1,3,0,0,0,0,0,0,0,0,0,0,4,0,0,0,0,0,0,0,0,0,0,0,0,2,3,0,0,0,4,0,0,0,0,2,0,0,0,0,4,0,0,0,0,0,0,0,1,0,5,0,0,0,0,0,0,0,9,0,1,0,2,0,0,0,0,0,0
70,2017-01-10,0,0,0,0,0,0,0,0,0,0,0,13,0,0,0,6,0,0,0,0,0,0,0,18,0,1,1,0,0,0,0,0,0,0,0,0,0,5,0,1,1,0,0,0,0,0,1,0,1,0,1,0,0,0,0,0,0,0,0,0,2,0,0,0,0,3,0,0,0,0,0,0,0,4,1,4,0,0,0,0,0,0,0,7,0,0,0,1,0,0,0,0,0,0
71,2017-01-11,0,2,1,0,1,0,0,0,0,0,0,17,0,0,0,7,0,0,0,0,0,0,0,27,0,0,2,0,0,0,0,0,0,0,0,0,0,2,0,0,0,0,0,1,0,0,1,0,5,0,0,0,0,0,0,4,0,0,0,0,5,0,0,0,0,2,0,0,0,0,0,0,0,3,3,2,0,0,0,0,0,0,0,6,0,0,2,2,0,0,0,0,0,0
72,2017-01-12,0,0,2,0,0,0,0,0,0,0,0,11,0,0,0,3,0,0,0,0,0,0,0,23,0,2,3,0,0,0,0,0,0,0,0,0,0,2,0,2,0,0,0,0,0,0,0,0,1,0,3,1,0,0,0,0,0,0,0,0,0,0,0,0,0,2,0,0,0,0,0,0,0,0,0,0,0,0,0,0,0,0,0,8,0,0,2,6,0,0,0,0,1,0
73,2017-01-13,0,0,3,0,0,0,0,0,0,0,0,15,0,0,1,6,0,0,0,0,0,0,0,32,0,0,2,0,0,0,0,0,0,0,0,0,0,2,0,0,0,0,0,0,0,0,0,0,4,0,2,1,0,0,0,3,0,0,0,0,0,0,0,0,0,6,0,0,0,0,0,0,2,3,3,5,0,0,0,0,0,0,0,9,0,0,1,5,2,0,0,0,2,0
74,2017-01-14,0,3,6,0,0,0,0,0,0,0,0,29,0,0,5,11,0,0,0,0,0,0,0,46,0,0,5,0,0,0,0,0,0,0,0,0,0,3,1,1,1,0,0,0,0,0,7,0,9,0,0,2,0,0,0,8,0,1,0,0,1,0,0,0,0,6,0,0,0,0,0,0,0,3,3,6,0,0,0,0,0,0,0,13,0,0,9,7,1,0,0,0,0,0
75,2017-01-15,0,0,4,0,0,0,0,0,0,0,0,29,0,1,2,6,0,0,0,0,0,0,0,29,0,0,1,0,0,0,0,0,0,0,0,0,0,2,0,0,0,0,1,3,0,0,2,0,1,0,6,3,0,0,0,4,0,1,0,0,1,0,0,0,0,5,0,0,0,0,0,0,0,1,0,3,0,0,0,0,0,0,0,6,0,2,2,2,2,0,0,0,0,0
76,2017-01-16,0,1,2,0,0,0,0,0,0,0,0,18,0,0,1,1,0,0,0,0,0,0,0,16,0,2,5,0,0,0,0,0,0,0,0,0,0,0,0,0,0,0,0,0,0,0,0,0,2,0,1,1,0,0,0,4,0,0,0,0,1,0,0,0,0,0,0,0,0,0,0,0,0,1,1,2,0,0,0,0,0,0,0,5,0,0,0,1,1,0,0,0,0,0
77,2017-01-17,0,0,5,0,0,0,0,0,0,0,0,11,0,0,0,6,0,0,0,1,0,0,0,32,0,0,1,0,0,0,0,0,0,0,0,0,0,1,0,0,0,0,0,0,0,0,2,0,1,0,1,0,0,0,0,1,0,0,0,0,1,0,0,0,0,3,0,0,0,0,0,0,2,6,1,0,0,1,1,0,0,0,0,8,0,0,0,3,3,0,0,0,0,0
78,2017-01-18,0,0,1,0,0,0,0,0,0,0,0,7,0,0,0,9,0,0,0,0,0,0,0,16,0,3,5,0,1,0,0,0,0,1,0,0,0,1,2,0,1,0,0,0,0,0,0,0,2,0,2,2,0,0,0,2,0,0,0,0,3,0,0,0,0,2,0,0,0,0,0,0,1,4,1,0,0,0,2,0,0,0,0,14,0,0,0,0,0,0,0,0,0,0
79,2017-01-19,0,0,2,0,0,0,0,0,0,0,0,16,0,0,0,7,0,0,0,3,0,0,0,31,0,1,2,0,1,0,0,0,0,0,0,0,0,3,1,0,0,0,0,1,0,0,0,0,7,0,1,3,0,0,0,5,0,1,0,0,2,0,0,0,0,5,0,0,0,0,0,0,1,6,1,0,0,0,2,1,0,0,0,9,0,0,4,2,1,0,0,0,0,0
80,2017-01-20,0,1,1,0,0,0,0,0,0,0,0,22,0,0,1,4,0,0,0,2,0,0,0,41,0,0,3,0,0,0,0,0,0,0,0,0,0,4,0,0,0,0,0,1,0,0,0,0,2,0,0,1,0,0,0,3,0,0,0,0,5,0,0,0,0,7,0,0,0,0,1,0,1,7,3,5,0,1,0,0,0,0,0,13,0,0,1,4,1,0,0,0,1,0
81,2017-01-21,0,3,3,0,0,0,0,0,0,0,0,27,0,0,8,18,0,0,0,0,0,0,0,43,0,1,4,0,0,0,1,0,0,0,0,2,0,2,0,4,2,0,0,1,0,0,0,0,9,1,4,4,0,0,0,7,0,0,0,0,1,0,0,0,0,4,0,0,0,0,1,0,0,5,5,9,0,1,0,4,0,0,0,11,0,0,6,3,1,0,0,0,0,0
82,2017-01-22,0,2,6,0,0,0,0,0,0,0,0,26,0,0,1,11,0,0,0,0,0,0,0,42,0,0,2,0,0,0,1,0,1,0,0,1,0,0,0,2,1,0,0,0,0,0,0,0,6,0,6,4,0,0,0,4,0,0,0,0,0,0,0,0,0,4,0,0,0,0,1,0,2,5,0,6,0,3,5,1,0,0,0,12,0,2,2,6,1,0,0,0,0,0
83,2017-01-23,0,0,1,0,0,0,0,0,0,0,0,10,0,0,0,18,0,0,0,1,0,0,0,29,0,1,6,0,1,0,0,0,0,0,0,1,0,1,0,1,0,0,0,0,0,0,0,0,8,0,0,1,0,0,0,1,0,0,0,0,0,0,0,0,0,2,0,0,0,0,0,0,0,6,0,0,0,0,5,1,0,0,0,10,0,0,0,4,0,0,0,0,0,0
84,2017-01-24,0,0,0,0,3,0,0,0,0,0,0,20,0,0,0,7,0,0,0,5,0,0,0,28,0,2,3,0,0,0,0,0,0,0,0,0,0,2,3,1,1,0,0,0,0,0,0,0,1,0,0,1,0,0,0,2,0,0,0,0,2,0,0,0,0,5,0,0,0,0,0,0,2,1,5,0,0,0,3,3,0,0,0,9,0,0,0,0,2,0,0,0,1,0
85,2017-01-25,0,0,0,0,0,0,2,0,0,0,0,14,0,0,0,4,0,0,0,1,0,0,0,11,0,2,2,0,0,0,0,0,1,0,0,0,0,1,0,0,0,0,0,0,0,0,0,0,1,0,0,1,0,0,0,3,0,0,0,0,1,0,0,0,0,2,0,0,0,0,0,0,0,7,1,0,0,0,3,0,0,0,0,10,0,1,0,1,0,0,0,0,0,0
86,2017-01-26,0,0,0,0,1,0,3,0,0,0,0,19,0,0,0,6,0,0,0,2,0,0,0,27,0,0,6,0,0,0,0,0,0,0,0,0,0,2,0,0,0,0,0,0,0,0,0,0,4,1,0,4,0,0,0,4,0,0,0,0,9,0,0,0,0,2,0,0,0,0,0,0,0,4,0,0,0,0,3,3,0,0,0,12,0,0,0,1,0,0,0,0,0,0
87,2017-01-27,0,0,0,0,0,0,1,2,0,0,0,23,0,0,2,8,0,0,0,1,0,0,0,43,0,0,10,0,0,0,0,0,0,0,0,1,0,3,0,0,0,0,0,0,0,0,0,0,4,0,0,4,0,0,0,4,0,0,0,0,6,0,0,0,0,5,0,0,0,0,0,0,0,4,1,5,0,0,10,2,0,0,0,14,0,1,0,3,3,0,0,0,0,0
88,2017-01-28,0,0,1,0,0,0,4,5,0,0,0,42,0,0,8,8,0,0,0,1,0,0,0,56,0,1,2,0,0,0,0,0,1,0,0,2,0,3,4,5,0,0,1,0,0,0,0,0,10,3,0,6,0,0,0,7,0,1,0,0,4,0,0,0,0,7,0,0,0,0,0,0,3,7,4,11,0,1,1,1,0,0,0,20,0,2,0,3,0,0,1,0,1,0
89,2017-01-29,0,0,1,0,0,0,5,2,0,0,0,22,0,0,3,6,0,0,0,2,0,0,0,31,0,0,7,0,0,0,0,0,0,0,0,1,0,3,0,2,1,0,0,2,0,0,0,0,6,1,0,2,0,0,0,10,0,0,0,0,1,0,0,0,0,10,0,0,0,0,0,0,2,5,0,3,0,1,2,4,0,0,0,8,0,1,0,2,1,0,0,0,0,0
90,2017-01-30,0,0,0,0,0,0,1,0,0,0,0,15,0,0,0,3,0,0,0,1,0,0,0,20,0,1,3,0,0,0,0,0,0,0,0,0,0,2,0,0,1,0,0,0,0,0,0,0,4,2,0,1,0,0,0,0,0,0,0,0,0,0,0,0,0,7,0,0,0,0,0,0,0,3,1,0,0,0,5,0,0,0,0,2,0,0,0,1,0,0,0,0,0,0
91,2017-01-31,0,0,0,0,0,0,4,1,0,0,0,17,0,0,4,11,0,0,0,1,0,0,0,29,0,3,6,0,0,0,0,0,0,0,0,0,0,2,0,0,0,0,0,0,0,0,0,0,2,0,0,2,0,0,0,0,0,0,0,0,0,0,0,0,0,5,0,0,0,0,0,0,1,5,1,0,0,0,2,2,0,0,0,11,0,1,0,3,0,0,0,0,0,0
92,2017-02-01,0,0,3,0,0,0,3,1,0,0,0,33,0,0,1,9,0,0,0,1,0,0,0,33,0,3,5,0,0,0,0,0,0,0,0,1,0,1,0,0,0,0,0,1,0,0,0,0,4,0,0,2,0,0,0,1,0,0,0,0,0,0,0,0,0,5,0,0,0,0,0,0,0,5,0,0,0,0,1,1,0,0,0,6,0,0,0,2,1,0,0,0,1,0
93,2017-02-02,0,0,5,0,0,0,2,0,2,0,0,25,0,0,1,11,0,0,0,2,0,0,0,23,0,2,5,0,0,0,0,0,0,0,0,1,0,3,0,0,1,0,0,0,0,0,0,0,3,1,0,6,0,0,0,1,0,1,0,0,0,0,0,0,0,3,0,0,0,0,0,0,1,6,1,0,0,0,3,2,0,0,0,8,0,0,0,1,0,0,1,0,0,0
94,2017-02-03,0,1,4,0,0,0,2,0,0,0,0,29,0,0,0,5,0,0,0,1,0,0,0,31,0,1,4,0,0,0,0,0,2,0,0,0,0,3,0,0,0,0,1,0,0,0,0,0,3,0,0,2,0,0,0,3,0,1,0,0,0,0,0,0,0,4,0,0,0,0,0,0,0,8,3,3,0,0,7,0,0,0,0,9,0,0,0,7,4,0,0,0,0,0
95,2017-02-04,0,0,4,0,0,0,3,0,0,0,0,31,0,0,8,25,0,0,0,2,0,0,0,72,0,4,7,0,0,0,0,0,0,0,0,1,0,5,0,0,2,0,0,1,0,0,0,0,8,1,0,5,0,0,0,1,0,2,0,0,0,0,1,0,0,11,0,0,0,10,0,0,4,12,5,6,0,1,4,3,0,0,0,15,0,1,0,3,7,21,5,1,0,0
96,2017-02-05,0,0,8,0,0,0,2,0,0,0,0,22,0,0,2,9,0,0,0,2,0,0,0,55,0,1,9,0,0,0,0,0,0,0,0,0,0,2,0,0,3,0,0,0,0,0,0,0,9,0,0,0,0,0,0,4,0,0,0,0,0,0,0,0,0,10,0,0,0,0,0,0,1,10,2,5,0,0,0,3,0,0,0,11,0,0,0,0,0,0,0,0,0,0
97,2017-02-06,0,0,2,0,0,0,2,0,0,0,0,22,0,0,6,7,0,0,0,1,0,0,0,36,0,0,4,0,0,0,0,0,0,0,0,0,0,2,0,0,3,0,0,0,0,0,0,0,2,1,0,4,0,0,0,4,0,1,0,0,0,0,0,0,0,8,0,0,0,0,0,0,0,5,0,3,0,0,3,2,0,0,0,11,0,0,0,3,4,0,0,0,0,0
98,2017-02-07,0,0,5,0,0,0,3,0,0,0,0,17,0,0,3,10,0,0,0,3,0,1,0,28,0,0,0,0,0,0,0,0,2,0,0,0,0,3,0,0,0,0,0,0,0,0,0,0,5,0,0,2,0,0,0,0,0,1,0,0,0,0,1,0,0,4,0,0,0,0,0,0,1,2,1,0,0,1,2,2,0,0,0,8,0,0,0,1,1,0,0,0,0,0
99,2017-02-08,0,0,4,0,1,0,1,0,0,0,0,20,0,0,4,4,0,0,0,2,0,2,0,26,0,0,0,0,1,0,0,0,1,0,0,0,0,2,0,0,0,0,0,0,0,0,0,0,3,0,0,0,0,0,0,2,0,3,0,0,0,0,1,0,0,5,0,0,0,0,0,0,0,6,0,0,0,0,5,1,0,0,0,9,0,0,0,0,0,0,0,0,0,0
100,2017-02-09,0,0,3,0,0,0,2,0,0,0,0,18,0,0,3,5,0,0,0,2,0,0,0,27,0,2,10,0,0,0,0,0,1,0,0,1,0,2,0,0,1,0,0,0,0,0,0,0,4,1,0,4,0,0,0,3,0,0,0,0,0,0,0,0,0,6,0,0,0,0,0,0,0,7,2,0,0,0,7,0,0,0,0,6,0,0,0,4,0,0,2,0,0,0
101,2017-02-10,0,1,3,0,0,0,2,0,0,0,0,23,0,0,2,11,0,0,0,3,0,0,0,36,0,1,9,0,0,0,1,0,0,0,0,2,0,0,0,0,0,0,0,0,0,0,0,0,3,0,0,4,0,0,0,3,0,0,0,0,0,0,0,0,0,4,0,0,0,0,0,0,2,4,3,3,0,0,6,3,0,0,0,7,0,1,0,2,3,0,1,0,0,0
102,2017-02-11,0,1,3,0,1,0,3,0,0,0,0,36,0,0,3,16,0,0,0,4,0,0,0,38,0,0,4,0,0,0,0,0,0,0,0,0,0,1,0,0,1,0,0,0,0,0,0,0,7,0,0,3,0,0,0,3,0,0,0,0,0,0,2,0,0,12,0,0,0,0,0,0,0,3,4,3,0,0,5,3,0,0,0,19,0,3,0,5,1,0,1,0,0,0
103,2017-02-12,0,2,2,0,0,0,3,0,0,0,0,22,0,0,5,10,0,0,0,1,0,0,0,33,0,0,3,0,0,0,1,0,1,0,0,1,0,1,0,0,0,0,0,0,0,0,0,0,2,0,0,1,0,0,0,2,0,0,0,0,0,0,0,0,0,7,0,0,0,0,0,0,0,1,0,4,0,0,1,2,0,0,0,4,0,0,0,4,0,0,0,0,0,0
104,2017-02-13,0,0,5,0,0,0,2,0,0,0,0,19,0,0,2,8,0,0,0,3,0,1,0,41,0,2,9,0,0,0,0,0,1,0,0,0,0,4,1,0,1,0,0,0,0,0,0,0,4,0,0,4,0,0,0,4,0,0,0,0,0,0,0,0,0,2,0,0,0,0,0,0,1,10,1,2,0,0,5,0,0,0,0,10,0,0,0,2,4,0,0,0,0,0
105,2017-02-14,0,2,7,0,0,0,2,0,0,0,0,18,0,0,0,11,0,0,0,0,0,0,0,29,0,2,6,0,0,0,0,0,0,0,0,0,0,2,0,0,0,0,0,0,0,0,0,0,7,0,0,1,0,0,0,3,0,1,0,0,0,0,0,0,0,3,0,0,0,0,0,0,1,1,0,1,0,1,1,1,0,0,0,7,0,0,0,3,0,0,2,0,1,0
106,2017-02-15,0,0,3,0,1,0,4,0,0,0,0,10,0,0,1,5,0,0,0,0,0,0,0,21,0,0,0,0,0,0,0,0,0,0,0,0,0,0,0,0,0,0,0,0,0,0,0,0,4,0,1,1,0,0,0,6,0,0,0,0,0,0,0,0,0,4,0,0,0,0,0,0,1,2,0,0,0,0,4,0,0,0,0,4,0,2,0,2,1,0,0,1,1,0
107,2017-02-16,0,2,5,0,0,0,3,0,0,0,0,6,0,0,4,10,0,0,0,2,0,0,0,24,0,0,7,0,0,0,1,0,0,0,0,1,0,2,0,0,1,0,0,0,0,0,0,0,6,0,1,3,0,0,0,3,0,0,0,0,1,0,0,0,0,5,0,0,0,0,0,0,1,5,0,0,0,1,4,1,0,0,0,7,0,0,0,2,1,0,0,0,0,0
108,2017-02-17,0,0,2,0,0,0,4,0,0,0,0,26,0,0,5,9,0,0,0,3,0,1,0,37,0,3,3,0,0,0,0,0,0,0,0,0,0,2,0,0,0,0,0,0,0,0,0,0,5,0,4,3,0,0,0,4,0,2,0,0,5,0,0,0,0,4,0,0,0,0,0,0,0,16,3,8,0,0,2,2,0,0,0,16,0,0,4,1,2,0,0,0,0,0
109,2017-02-18,0,1,5,0,0,0,3,0,0,0,0,42,0,0,6,10,0,0,0,7,0,1,0,52,0,2,1,0,0,0,0,0,3,0,0,1,0,3,0,0,1,0,0,1,0,0,0,0,3,2,5,6,0,0,0,4,0,1,0,0,3,0,1,0,0,8,0,0,0,0,0,0,0,12,7,6,0,1,3,7,0,0,0,11,0,0,2,5,1,0,0,0,0,0
110,2017-02-19,0,2,10,0,0,0,2,0,0,0,0,22,0,0,4,19,0,0,0,0,0,0,0,48,1,1,2,0,0,0,1,0,0,0,0,1,0,3,0,0,0,0,0,1,0,0,0,0,4,1,0,5,0,0,0,7,0,1,0,0,0,0,0,0,0,4,0,0,0,0,0,0,1,4,0,4,0,3,0,7,0,0,0,11,0,1,5,4,0,0,0,0,2,0
111,2017-02-20,0,0,5,0,0,0,0,0,0,0,0,25,0,0,2,3,0,0,0,0,0,0,0,30,0,1,4,0,0,0,0,0,1,0,0,0,0,0,0,0,2,0,0,0,0,0,0,0,3,0,1,4,0,0,0,5,0,0,0,0,0,0,0,0,0,4,0,0,0,0,0,0,1,5,0,5,0,1,0,2,0,0,0,6,0,2,0,1,1,0,0,0,0,0
112,2017-02-21,0,0,3,0,0,0,1,0,0,0,0,12,0,0,0,4,0,0,0,1,0,0,0,28,0,0,4,0,0,0,0,0,0,0,0,0,0,2,0,0,0,0,0,0,0,0,0,0,0,2,0,0,0,0,0,1,0,1,0,0,0,0,0,0,0,4,0,0,0,0,0,0,1,2,0,4,0,0,1,0,0,0,0,12,0,0,0,4,1,0,0,0,0,0
113,2017-02-22,0,0,7,0,0,0,1,0,0,0,0,19,0,0,3,6,0,0,0,1,0,0,0,28,0,1,1,0,0,0,0,0,0,0,0,0,0,3,0,0,1,0,0,0,0,0,0,0,1,0,0,1,0,0,0,1,0,0,0,0,0,0,0,0,0,7,0,0,0,0,0,0,1,9,1,4,0,1,1,1,0,0,0,11,0,0,0,2,1,0,0,0,0,0
114,2017-02-23,0,0,2,0,0,0,2,0,0,0,0,13,0,0,4,5,0,0,0,2,0,0,0,29,0,0,3,0,0,0,0,0,0,0,0,0,0,0,0,0,0,0,0,0,0,0,0,0,6,1,1,4,0,0,0,1,0,1,0,0,5,0,0,0,0,0,0,0,0,0,0,0,0,4,0,2,0,0,3,2,0,0,0,6,0,0,5,2,0,0,0,0,0,0
115,2017-02-24,0,1,4,0,0,0,1,0,0,0,0,23,0,0,6,6,0,0,0,1,0,0,0,38,0,0,4,0,0,0,0,0,0,0,0,0,0,2,0,0,0,0,0,0,0,0,0,0,1,1,0,1,0,0,0,2,0,3,0,0,3,0,0,0,0,2,0,0,0,0,0,0,0,8,0,3,0,1,5,1,0,0,0,14,0,0,4,6,1,0,0,0,0,0
116,2017-02-25,0,0,3,0,0,0,2,0,0,0,0,27,0,0,3,16,0,0,0,1,0,1,0,47,0,4,5,0,0,0,0,0,1,0,0,2,0,1,0,0,0,0,0,0,0,0,0,0,5,1,0,2,0,0,0,6,0,1,0,0,4,0,1,0,0,8,0,0,0,0,0,0,2,6,3,4,0,0,4,0,0,0,0,10,0,1,2,2,0,0,0,0,0,0
117,2017-02-26,0,0,3,0,2,0,1,0,0,0,0,17,0,0,0,14,0,0,0,1,0,0,0,57,0,0,6,0,0,0,0,0,1,0,0,1,0,3,0,0,3,0,0,0,0,0,0,0,5,1,5,5,0,0,0,10,0,0,0,0,0,0,0,0,0,3,0,0,0,0,0,0,1,10,0,8,0,0,6,6,0,0,0,10,0,1,3,2,1,0,0,0,0,0
118,2017-02-27,0,0,0,0,0,0,0,0,0,0,0,16,0,0,0,0,0,0,0,2,0,0,0,24,0,1,0,0,0,0,0,0,0,0,0,0,0,2,0,0,0,0,0,1,0,0,0,0,0,0,3,1,0,0,0,4,0,0,0,0,0,0,0,0,0,6,0,0,0,0,0,0,0,1,0,0,0,0,3,1,0,0,0,8,0,0,1,1,1,0,0,0,0,0
119,2017-02-28,0,0,2,0,0,0,4,0,0,0,0,27,0,0,0,7,0,0,0,0,0,0,0,33,0,2,4,0,0,0,0,0,0,0,0,0,0,2,0,0,0,0,0,0,0,0,0,0,5,0,1,1,0,0,0,0,0,1,0,0,0,0,0,0,0,8,0,0,0,0,0,0,0,4,2,0,0,1,2,1,0,0,0,11,0,0,0,1,1,0,0,1,0,0
120,2017-03-01,0,0,1,0,0,0,3,0,0,0,0,14,0,0,0,6,0,0,0,4,0,0,0,23,0,1,1,0,0,0,1,0,0,0,0,0,0,1,0,0,0,0,0,0,0,0,0,0,3,0,0,2,0,0,0,0,0,1,0,0,0,0,0,0,0,6,0,0,0,0,0,0,1,2,0,0,0,1,3,0,0,0,0,10,0,0,0,3,3,0,0,0,1,0
121,2017-03-02,0,0,0,0,0,0,1,0,0,0,0,19,0,0,0,7,0,0,0,1,0,0,0,32,0,0,1,0,0,0,0,0,0,0,0,0,0,0,0,0,0,0,0,0,0,0,0,0,6,1,0,1,0,0,0,0,0,0,0,0,1,0,0,0,0,9,0,0,0,0,0,0,0,2,0,0,0,0,0,0,0,0,0,11,0,0,0,2,0,0,0,0,0,0
122,2017-03-03,0,2,2,0,0,0,0,0,0,0,0,22,0,0,0,5,0,0,0,2,0,0,0,41,0,1,5,0,0,0,1,0,1,0,0,0,0,0,0,0,3,0,0,0,0,0,0,0,2,0,0,3,0,0,0,0,0,1,0,0,1,0,0,0,0,12,0,0,0,0,0,0,1,9,1,3,0,1,2,1,0,0,0,7,0,0,5,1,0,0,0,0,0,0
123,2017-03-04,0,0,2,0,1,0,5,0,0,0,0,36,0,0,9,10,0,0,0,2,0,0,0,57,0,6,7,0,0,0,0,0,0,0,0,1,0,1,0,0,0,0,0,1,0,0,0,0,9,0,1,5,0,0,0,1,0,3,0,0,4,0,0,0,0,8,0,0,0,0,0,0,2,11,7,22,0,3,8,5,0,0,0,16,0,1,4,4,4,0,0,1,0,0
124,2017-03-05,0,6,1,0,0,0,0,0,0,0,0,13,0,0,1,8,0,0,0,0,0,0,0,40,0,1,1,0,0,0,0,0,0,0,0,0,0,2,0,0,0,0,0,0,0,0,0,0,3,1,3,3,0,0,0,3,0,0,0,0,4,0,0,0,0,11,0,0,0,0,0,0,0,3,0,4,0,1,2,2,0,0,0,4,0,1,3,2,1,0,0,0,0,0
125,2017-03-06,0,1,0,0,0,0,0,0,0,0,0,17,0,0,0,10,0,0,0,2,0,0,0,27,0,0,1,0,0,1,0,0,0,0,0,0,0,2,0,0,0,0,0,0,0,0,0,0,1,0,1,3,0,0,0,0,0,0,0,0,0,0,0,0,0,5,0,0,0,0,0,0,2,5,0,0,0,0,3,0,0,0,0,8,0,0,0,4,1,0,0,0,0,0
126,2017-03-07,0,0,0,0,0,0,2,0,0,0,0,19,0,0,0,7,0,0,0,1,0,0,0,33,0,1,4,0,0,0,0,0,0,0,0,0,0,3,0,0,1,0,0,1,0,0,0,0,3,1,0,0,0,0,0,0,0,0,0,0,0,0,0,0,0,8,0,0,0,0,0,0,3,4,0,0,0,0,6,5,0,0,0,9,0,0,3,3,1,0,0,0,0,0
127,2017-03-08,0,0,0,0,0,0,2,0,0,0,0,18,0,0,0,5,0,0,0,2,0,0,0,18,0,0,0,0,0,0,0,0,0,0,0,0,0,1,0,0,0,0,0,0,0,0,0,0,1,0,1,1,0,0,0,1,0,1,0,0,0,0,0,0,0,6,0,0,0,0,0,0,1,4,0,2,0,0,4,0,0,0,0,5,0,0,1,1,2,0,0,0,0,0
128,2017-03-09,0,0,0,0,0,0,2,0,0,0,0,12,0,0,0,10,0,0,0,3,0,0,1,27,0,2,3,0,0,0,0,0,0,0,0,0,0,0,0,0,0,0,0,0,0,0,0,0,2,0,1,2,0,0,0,1,0,0,0,0,0,0,0,0,0,5,0,0,0,0,0,0,2,6,1,2,0,0,3,2,0,0,0,9,0,0,2,3,3,0,0,0,0,0
129,2017-03-10,0,0,0,0,0,0,1,0,0,0,0,28,0,0,1,6,0,0,0,1,0,0,0,38,0,2,7,0,0,0,0,0,0,0,0,0,0,0,0,0,0,0,0,0,0,0,0,0,1,1,0,2,0,0,0,2,0,1,0,0,0,0,0,0,0,8,0,0,0,0,0,0,2,6,0,3,0,0,3,4,0,0,0,7,0,0,6,3,4,0,0,1,1,0
130,2017-03-11,0,0,0,1,0,0,2,0,0,0,0,30,0,0,3,16,0,0,0,1,0,1,0,48,0,2,4,0,0,1,2,0,0,0,0,0,0,3,0,0,1,0,0,1,0,0,0,0,3,1,3,5,0,0,0,6,0,0,0,0,4,0,0,0,0,5,0,0,0,0,0,0,1,13,3,11,0,0,2,5,0,0,0,15,0,2,2,4,1,0,0,1,0,0
131,2017-03-12,0,0,0,0,0,0,2,0,0,0,0,18,0,0,2,11,0,0,0,1,0,1,0,40,0,1,6,0,0,1,0,0,0,0,0,0,0,1,0,0,0,0,0,0,0,1,0,0,6,0,2,3,0,0,0,3,0,1,0,0,4,0,0,0,0,4,0,0,0,0,0,0,0,5,0,5,0,2,2,9,0,0,0,9,0,1,1,1,1,0,0,1,1,0
132,2017-03-13,0,3,0,0,0,0,3,0,0,0,0,10,0,0,0,6,0,0,0,0,0,0,0,33,0,0,3,0,0,0,0,0,0,0,0,0,0,0,0,0,0,0,0,0,0,0,0,0,1,1,2,1,0,0,0,0,0,0,0,0,1,0,0,0,0,10,0,0,0,0,0,0,3,7,0,1,0,0,4,2,0,0,0,11,0,0,0,0,1,0,0,0,0,0
133,2017-03-14,0,0,0,0,0,0,2,4,0,0,0,12,0,0,0,7,0,0,0,4,0,0,0,27,0,0,6,0,0,0,0,0,0,0,0,0,0,1,0,0,0,1,0,0,0,0,0,0,1,0,3,5,0,0,0,2,0,1,0,0,1,0,0,0,0,8,0,0,0,0,0,0,1,5,0,0,0,0,1,0,0,0,0,7,0,0,0,2,1,0,0,1,0,0
134,2017-03-15,0,0,0,0,0,0,3,1,0,0,0,13,0,0,4,10,0,0,0,0,0,0,1,25,0,2,4,0,0,0,0,0,0,0,0,1,0,0,0,0,0,0,0,0,0,0,0,0,2,1,0,1,0,0,0,0,0,0,0,0,0,0,0,0,0,6,0,0,0,0,0,0,1,2,0,2,0,0,0,0,0,0,0,4,0,0,0,2,2,0,0,0,0,0
135,2017-03-16,0,0,0,0,0,0,2,1,0,0,0,22,0,0,2,5,0,1,0,3,0,0,0,25,0,1,5,0,1,0,0,0,1,0,0,1,0,2,0,0,0,0,0,1,0,0,0,0,6,0,2,2,0,0,0,3,0,2,0,0,0,0,0,0,0,5,0,0,0,0,0,0,1,2,1,1,0,1,3,0,0,0,0,5,0,0,0,5,1,0,0,0,0,0
136,2017-03-17,0,0,0,0,0,0,3,1,0,0,0,13,0,0,3,11,0,0,0,0,0,0,0,40,1,1,5,0,0,0,0,0,0,0,0,1,0,0,0,0,0,0,0,0,0,1,0,0,5,0,0,1,0,0,0,0,0,1,1,0,0,0,0,0,0,6,0,0,0,0,0,0,4,2,1,3,0,0,1,0,0,0,0,6,0,0,4,3,0,0,0,0,0,0
137,2017-03-18,0,1,0,0,0,0,2,0,0,0,0,28,0,0,4,12,0,0,0,1,0,0,0,44,0,1,5,0,0,0,1,0,0,0,0,0,0,1,0,0,1,0,0,0,0,1,0,0,4,3,0,2,0,0,0,3,0,4,0,0,0,0,0,0,0,5,0,0,0,0,0,0,3,9,2,10,0,1,3,2,0,0,0,12,0,2,5,4,1,0,0,0,0,0
138,2017-03-19,0,1,0,0,1,0,1,0,0,0,0,18,0,0,0,8,0,0,0,1,0,0,0,35,0,1,2,0,0,0,0,0,0,0,0,0,0,2,0,0,0,0,0,0,0,0,0,0,2,0,0,1,0,0,0,3,0,1,0,0,3,0,0,0,0,3,0,0,0,0,0,0,3,9,0,6,0,1,2,8,0,0,0,10,0,0,4,1,1,0,0,0,0,0
139,2017-03-20,0,0,0,0,0,0,2,0,0,0,0,13,0,0,2,3,0,0,0,0,0,0,0,31,1,0,3,0,0,0,0,0,0,0,0,0,0,3,0,0,0,0,0,0,0,0,0,0,2,1,0,2,0,0,0,1,0,1,0,0,6,0,0,0,0,5,0,0,0,0,0,0,2,4,0,0,0,0,0,2,0,0,0,7,0,0,0,3,1,0,0,0,0,0
140,2017-03-21,0,0,0,0,0,0,2,0,0,0,0,17,0,0,0,7,0,0,0,0,0,0,2,32,0,0,5,0,0,0,0,0,0,0,0,0,0,3,0,0,0,0,0,0,0,1,0,0,0,1,0,1,0,0,0,0,0,2,0,0,3,0,0,0,0,4,0,0,0,0,0,0,0,8,1,0,0,0,3,1,0,0,0,5,0,0,0,2,2,0,0,0,0,0
141,2017-03-22,0,0,0,0,0,0,2,0,0,0,0,17,0,0,2,3,0,1,0,1,0,0,0,31,0,3,3,0,0,0,0,0,0,0,0,0,0,3,0,0,0,0,0,1,0,0,0,0,0,2,0,5,0,0,0,0,0,1,1,0,1,0,0,0,0,4,0,0,0,0,0,0,1,4,1,0,0,1,4,2,0,0,0,7,0,0,0,3,1,0,0,0,0,0
142,2017-03-23,0,0,0,1,0,0,2,0,0,0,0,23,0,0,5,5,0,0,0,5,0,0,0,28,0,1,3,0,0,1,0,0,0,0,0,0,0,2,0,0,0,0,0,0,0,0,0,0,2,0,0,6,0,0,0,2,0,1,1,0,0,0,1,0,0,9,0,0,0,0,0,0,1,5,0,0,0,1,4,3,0,0,0,4,0,0,4,1,2,0,0,0,0,0
143,2017-03-24,0,0,0,0,0,0,4,0,0,0,0,20,0,0,3,8,0,0,0,2,0,0,0,42,0,0,5,0,0,0,0,0,1,0,0,0,0,1,0,0,0,0,0,0,0,0,0,0,1,2,0,3,0,0,0,1,0,1,0,0,3,0,0,0,0,5,0,0,0,0,0,0,1,3,2,0,0,0,2,4,0,0,0,7,0,0,4,2,4,0,0,0,0,0
144,2017-03-25,0,0,0,0,0,0,3,0,0,0,0,40,0,0,0,20,0,0,0,1,0,0,0,54,2,4,7,0,0,1,1,0,1,0,0,1,0,4,0,0,0,0,0,0,0,1,0,0,8,0,5,10,0,0,0,0,0,3,1,0,12,0,0,0,0,14,0,0,0,0,0,0,5,7,7,0,0,5,3,10,0,0,0,8,0,2,1,1,4,0,0,0,0,0
145,2017-03-26,0,0,0,0,0,0,4,0,0,0,0,26,0,0,8,11,0,0,0,0,0,0,0,35,0,3,1,0,0,0,0,0,0,0,0,1,0,0,0,0,0,0,0,1,0,0,0,0,4,2,1,6,0,0,0,9,0,1,0,0,4,0,0,0,0,5,0,0,0,0,0,0,0,16,0,1,0,4,1,5,0,0,0,8,0,0,0,2,1,0,0,1,0,0
146,2017-03-27,0,0,0,0,0,0,0,5,0,0,0,7,0,0,2,0,0,0,0,3,0,0,0,29,0,4,1,0,0,0,0,0,0,0,0,0,0,0,0,0,0,0,0,0,0,0,0,0,2,0,2,0,0,0,0,0,0,2,0,0,5,0,0,0,0,0,0,0,0,0,0,0,1,5,0,3,0,0,1,0,0,0,0,11,0,1,0,3,0,0,0,0,0,0
147,2017-03-28,0,0,0,0,0,0,2,5,0,0,0,8,0,0,0,2,0,0,0,1,0,0,0,32,0,2,6,0,0,0,0,0,1,0,0,0,0,1,0,0,0,0,0,0,0,0,0,0,2,0,1,2,0,0,0,0,0,2,0,0,6,0,0,0,0,6,0,0,0,0,0,0,2,9,0,1,0,0,6,0,0,0,0,7,0,0,0,5,1,0,0,0,0,0
148,2017-03-29,0,0,0,0,1,0,0,0,0,0,0,15,0,0,0,5,0,0,0,1,0,0,0,30,0,1,3,0,0,1,0,0,0,0,0,0,0,1,0,0,0,0,0,1,0,0,0,0,2,0,1,4,0,0,0,3,0,0,0,0,2,0,0,0,0,0,0,0,0,0,0,1,0,2,0,1,0,1,4,4,0,0,0,11,0,0,1,2,1,0,0,0,0,0
149,2017-03-30,0,0,0,0,0,0,2,2,0,0,0,13,0,0,0,14,0,0,0,1,0,0,3,33,0,1,2,0,0,0,0,0,0,0,0,1,0,1,0,0,0,0,0,0,0,0,0,0,4,0,3,4,0,0,0,0,0,0,1,0,4,0,0,0,0,0,0,0,0,0,0,0,2,8,0,0,0,1,1,1,0,0,0,11,0,0,2,5,3,0,0,0,0,0
150,2017-03-31,0,0,2,0,0,0,2,0,0,0,0,27,0,0,4,3,0,0,0,2,0,0,0,41,0,3,8,0,0,0,0,0,0,0,0,2,0,2,0,0,0,0,0,0,0,0,0,0,5,0,1,4,0,0,0,6,0,1,0,0,2,0,0,0,0,3,0,0,0,0,0,0,2,6,0,5,0,0,3,2,0,0,0,7,0,0,5,3,0,0,0,0,0,0
151,2017-04-01,0,0,5,0,0,0,2,0,0,0,0,36,0,0,5,10,0,0,0,2,0,0,0,39,1,3,7,0,1,0,0,0,0,0,0,1,0,2,0,0,0,0,0,1,0,0,0,1,0,0,0,6,0,0,0,3,0,1,0,0,2,0,0,0,0,6,0,0,0,0,0,0,0,9,1,5,0,2,4,3,0,0,0,5,0,3,3,2,5,0,0,0,0,0
152,2017-04-02,0,0,1,1,0,0,0,0,0,0,0,17,0,0,1,14,0,0,0,0,0,0,0,32,0,1,4,0,1,0,0,0,0,0,0,0,0,2,0,0,1,0,0,1,0,0,0,0,2,0,1,3,0,0,0,1,0,0,0,0,2,0,0,0,0,5,0,0,0,0,0,0,0,8,1,2,0,1,1,2,0,0,0,5,0,0,2,0,2,0,0,0,0,0
153,2017-04-03,0,0,3,0,0,0,0,0,0,0,0,15,0,0,0,5,0,0,0,0,0,0,0,35,1,1,7,0,0,0,0,0,0,0,0,0,0,3,0,0,0,0,0,1,0,0,0,0,2,0,1,1,0,0,0,3,0,1,0,0,0,0,0,0,0,4,0,0,0,0,0,0,1,6,1,5,0,0,3,1,0,0,0,9,0,1,1,4,3,0,0,0,0,0
154,2017-04-04,0,0,0,0,0,0,1,0,0,0,0,18,0,0,0,10,0,0,0,2,0,0,0,40,0,1,3,0,0,1,0,0,1,0,0,3,0,0,0,0,0,0,0,0,0,0,0,1,0,0,2,4,0,0,0,0,0,4,0,0,0,0,0,0,0,4,0,0,0,0,0,0,4,1,0,0,0,1,3,1,0,0,0,9,0,0,0,1,0,0,0,0,0,0
155,2017-04-05,0,0,1,0,0,0,2,0,0,0,0,20,0,0,0,10,0,0,0,1,0,1,1,30,0,4,5,0,0,1,0,0,0,0,0,1,0,2,0,0,0,0,0,0,0,0,0,0,5,1,1,3,0,0,0,0,0,2,0,0,3,0,0,0,0,10,0,0,0,0,0,0,4,7,1,0,0,0,1,1,0,0,0,14,0,0,5,3,3,0,0,0,0,0
156,2017-04-06,0,0,5,0,1,0,0,0,0,0,0,16,0,1,0,2,0,0,0,0,0,0,1,27,0,3,4,0,1,0,0,0,0,0,0,0,0,3,0,0,0,0,0,0,0,0,0,0,0,0,1,6,0,0,0,0,0,1,0,0,3,0,0,0,0,0,0,0,0,0,0,0,2,12,1,0,0,1,4,0,0,0,0,11,0,0,6,5,1,0,0,0,0,0
157,2017-04-07,0,0,3,0,0,0,1,0,0,0,0,15,0,0,0,4,0,0,0,3,0,0,0,29,0,3,5,0,0,0,0,0,0,0,0,0,0,0,0,0,0,0,0,0,0,0,0,0,0,0,0,2,0,0,0,3,0,2,0,0,2,0,0,0,0,2,0,0,0,0,0,0,1,4,0,2,0,0,3,0,0,0,0,6,0,0,3,4,2,0,0,0,0,0
158,2017-04-08,0,2,6,4,0,0,4,0,0,0,0,29,0,0,5,14,0,1,0,0,0,0,1,41,0,2,2,0,0,0,0,0,1,0,0,1,0,3,0,0,0,0,0,1,0,0,0,3,2,1,0,9,0,0,0,0,0,0,0,0,6,0,0,0,0,7,0,0,0,0,0,0,2,7,8,3,0,1,1,4,0,8,0,9,0,4,0,1,5,0,0,7,0,0
159,2017-04-09,0,0,0,0,0,0,1,0,0,0,0,9,0,0,0,3,0,0,0,0,0,0,1,17,0,1,1,0,0,0,0,0,0,0,0,2,0,2,0,0,0,0,0,0,0,1,0,0,2,0,0,2,0,0,0,1,0,0,0,0,1,1,0,0,0,3,0,0,0,0,0,0,0,3,0,0,0,2,0,5,0,3,0,5,0,0,0,2,1,0,0,0,0,0
